time,Power(W),shortwave_radiation_instant,direct_normal_irradiance_instant,diffuse_radiation_instant,CLRSKY_SFC_SW_DWN,ALLSKY_KT,ALLSKY_SRF_ALB,temperature_2m ,relative_humidity_2m ,surface_pressure,wind_speed_10m,wind_direction_10m,direct_radiation_instant,CLRSKY_SFC_PAR_TOT,ALLSKY_SFC_UVA,ALLSKY_SFC_UVB,uv_index,dew_point_2m,WS50M,WD50M,latitude,longitude,number,expver,cbh,cloud_cover_high,cloud_cover_low,cloud_cover_mid,cloud_cover,tciw,hour,day_of_year,month,day_of_week,is_day,solar_elevation
10/20/2025 16:00,1659.8,116.78,294.49,59.5,138.93,0.42,0.07,29.7,70.08,100.75,3.01,51.9,53.85,63.22,5.95,0.03,0.15,23.68,3.22,52.7,9.67,80.18,0,1,529.9226,25.51,7.9,1.95,32.5,7.57E-05,16,293,10,1,1,26.74087513
10/20/2025 17:00,243.625,0,0,0,0,0,0,29.12,74.4,100.82,2.97,50.7,0,0,0,0,0,24.12,3.49,51.5,9.67,80.18,0,1,530.5786,40.39,16.94,4.96,52.63,6.96E-05,17,293,10,1,1,12.52673953
10/20/2025 18:00,0,0,0,0,0,0,0,28.74,77.4,100.9,2.99,52.5,0,0,0,0,0,24.42,3.69,53.3,9.67,80.18,0,1,542.1653,54.98,5.96,3.96,61.43,0.000141606,18,293,10,1,1,0
10/20/2025 19:00,0,0,0,0,0,0,0,28.52,78.83,101,3.01,55.4,0,0,0,0,0,24.51,3.74,56,9.67,80.18,0,1,529.63354,79.5,7.3,4.04,80.51,0.000220956,19,293,10,1,0,0
10/20/2025 20:00,0,0,0,0,0,0,0,28.35,79.96,101.07,3.17,59.9,0,0,0,0,0,24.58,3.92,60.4,9.67,80.18,0,1,519.5498,85.29,12.73,3.39,88.32,0.000242927,20,293,10,1,0,0
10/20/2025 21:00,0,0,0,0,0,0,0,28.16,81.06,101.08,3.4,63.4,0,0,0,0,0,24.62,4.2,64,9.67,80.18,0,1,511.75244,79.65,18.67,7.18,84.31,0.000242927,21,293,10,1,0,0
10/20/2025 22:00,0,0,0,0,0,0,0,27.98,81.97,101.05,3.55,65,0,0,0,0,0,24.64,4.38,65.4,9.67,80.18,0,1,625.23926,77.13,11.07,4.21,79.97,0.000123291,22,293,10,1,0,0
10/20/2025 23:00,0,0,0,0,0,0,0,27.8,82.82,100.97,3.68,64.8,0,0,0,0,0,24.63,4.51,65,9.67,80.18,0,1,546.7742,86.05,7.06,2.16,86.9,0.000101321,23,293,10,1,0,0
10/21/2025 0:00,0,0,0,0,0,0,0,27.64,83.43,100.88,3.76,62.8,0,0,0,0,0,24.61,4.61,62.9,9.67,80.18,0,1,546.5862,88.68,9.37,2.17,89.73,0.000109868,0,294,10,2,0,0
10/21/2025 1:00,0,0,0,0,0,0,0,27.5,83.83,100.79,3.8,61.1,0,0,0,0,0,24.54,4.66,61.1,9.67,80.18,0,1,541.395,81.13,7.49,0.01,81.9,0.000131838,1,294,10,2,0,0
10/21/2025 2:00,0,0,0,0,0,0,0,27.4,83.91,100.76,3.66,62.7,0,0,0,0,0,24.47,4.43,62.9,9.67,80.18,0,1,480.542,59.36,12.96,13.73,67.76,0.000113523,2,294,10,2,0,0
10/21/2025 3:00,0,0,0,0,0,0,0,27.31,83.78,100.8,3.29,71.6,0,0,0,0,0,24.34,3.92,71.7,9.67,80.18,0,1,555.9429,67.95,11.16,10.76,73.18,0.000104976,3,294,10,2,0,0
10/21/2025 4:00,0,0,0,0,0,0,0,27.27,83.38,100.88,2.97,85.7,0,0,0,0,0,24.22,3.5,86.1,9.67,80.18,0,1,671.4487,31.32,16.05,11.21,44.57,7.32E-05,4,294,10,2,0,0
10/21/2025 5:00,0,11.05,31.77,11.85,12.62,0.25,0.09,27.24,82.99,100.97,2.8,96.2,4.68,5.25,0.59,0,0,24.12,3.27,96.5,9.67,80.18,0,1,723.2908,28.09,14.29,7.93,40.04,3.05E-05,5,294,10,2,0,0
10/21/2025 6:00,397,164.9,373.56,72.56,187.07,0.48,0.07,27.79,80.77,101.05,2.7,96.4,77.08,86.8,8.45,0.06,0.28,24.21,3.04,96.4,9.67,80.18,0,1,751.08325,7.98,11.82,7.2,20.28,2.20E-05,6,294,10,2,1,0
10/21/2025 7:00,3994.8,393.33,476.74,148.76,430.27,0.6,0.07,28.28,77.55,101.11,2.65,91.1,186.76,202.93,22.49,0.37,1.83,24,2.81,90.6,9.67,80.18,0,1,879.10693,1.54,14.43,11.81,18.02,0,7,294,10,2,1,12.44916531
10/21/2025 8:00,5606.4,607.05,605.05,207.97,650.15,0.65,0.06,28.69,75.18,101.14,2.44,86,288.71,306.18,36.84,0.9,4.57,23.88,2.58,85.8,9.67,80.18,0,1,974.92065,0.26,7.93,13.21,14.18,0,8,294,10,2,1,26.63735595
10/21/2025 9:00,6906,699.05,697.58,170.76,821.22,0.62,0.06,29.12,72.86,101.13,2.31,78.3,330.53,385.28,44.56,1.36,7,23.77,2.44,78.2,9.67,80.18,0,1,1045.8057,0.03,6.91,9.93,11.49,0,9,294,10,2,1,40.4079025
10/21/2025 10:00,6915.2,889.6,605.11,283.06,926.45,0.71,0.06,29.53,70.91,101.06,2.38,65.9,420.25,433.5,56.33,1.9,9.82,23.71,2.52,66.1,9.67,80.18,0,1,1175.9832,0.02,4.2,9.43,10.14,0,10,294,10,2,1,53.28321386
10/21/2025 11:00,8016,889.03,549.79,318.57,938.47,0.69,0.06,29.91,69.03,100.94,2.69,53.8,417.75,436.8,55.48,1.91,9.95,23.64,2.84,54.3,9.67,80.18,0,1,1318.9817,0.04,7.37,7.88,9.35,0,11,294,10,2,1,63.89855096
10/21/2025 12:00,9823.2,829.92,602.75,259,891.92,0.68,0.06,30.13,67.87,100.83,3.08,46.7,390.05,415.17,51.83,1.7,8.75,23.56,3.24,47.5,9.67,80.18,0,1,1318.9817,0.01,4.73,4.63,7.64,0,12,294,10,2,1,68.57587947
10/21/2025 13:00,7571,702.9,582.19,226.76,771.8,0.65,0.06,30.25,67.23,100.74,3.44,44.4,331.6,360.02,43.34,1.25,6.5,23.52,3.63,45.2,9.67,80.18,0,1,1318.9817,1.51,4.11,2.36,6.89,0,13,294,10,2,1,63.89855096
10/21/2025 14:00,8038,523.72,536.17,195.26,588.92,0.6,0.06,30.18,67.39,100.68,3.8,46.2,246.96,275.2,31.2,0.71,3.55,23.49,4.02,47,9.67,80.18,0,1,1318.9817,0.01,4.69,2.57,5.55,0,14,294,10,2,1,53.28321386
10/21/2025 15:00,6414.75,305.6,300.57,161.3,362.48,0.52,0.07,29.95,68.32,100.68,4.08,50.1,144.01,168.9,17.36,0.25,1.23,23.49,4.34,50.9,9.67,80.18,0,1,593.6626,7.39,10.42,0,17.38,9.77E-06,15,294,10,2,1,40.4079025
10/21/2025 16:00,1732.2,103.4,162.15,74.49,132.4,0.38,0.07,29.53,70.51,100.71,4.25,53.3,48.06,59.72,5.66,0.03,0.12,23.61,4.62,53.8,9.67,80.18,0,1,596.99365,27.65,9.45,3.39,34.37,3.91E-05,16,294,10,2,1,26.63735595
10/21/2025 17:00,205.875,0,0,0,0,0,0,28.86,74.77,100.77,4.17,56,0,0,0,0,0,23.95,4.91,56.4,9.67,80.18,0,1,544.15796,12.59,7.69,1.08,19.74,0.000150167,17,294,10,2,1,12.44916531
10/21/2025 18:00,0,0,0,0,0,0,0,28.44,77.95,100.86,4.14,59.2,0,0,0,0,0,24.24,5.09,59.6,9.67,80.18,0,1,544.0034,42.49,9.42,0.87,48.25,0.000239291,18,294,10,2,1,0
10/21/2025 19:00,0,0,0,0,0,0,0,28.2,79.82,100.96,4.11,62.8,0,0,0,0,0,24.4,5.09,63.1,9.67,80.18,0,1,543.6128,73.31,8.56,1.18,74.44,0.000272244,19,294,10,2,0,0
10/21/2025 20:00,0,0,0,0,0,0,0,28.02,81.28,101.04,4.07,67.2,0,0,0,0,0,24.54,5.04,67.4,9.67,80.18,0,1,543.4866,70.98,6.59,10.19,73.56,0.000109874,20,294,10,2,0,0
10/21/2025 21:00,0,0,0,0,0,0,0,27.86,82.41,101.08,3.97,70.3,0,0,0,0,0,24.61,4.92,70.4,9.67,80.18,0,1,540.89185,57.44,8.65,16.81,67.96,3.17E-05,21,294,10,2,0,0
10/21/2025 22:00,0,0,0,0,0,0,0,27.7,83.3,101.07,3.85,71.2,0,0,0,0,0,24.63,4.72,71,9.67,80.18,0,1,530.90674,0.41,8.83,15.54,17.52,0,22,294,10,2,0,0
10/21/2025 23:00,0,0,0,0,0,0,0,27.53,83.91,101.02,3.64,68.7,0,0,0,0,0,24.59,4.42,68.4,9.67,80.18,0,1,518.5083,4.36,11.2,11.46,20.07,0,23,294,10,2,0,0
10/22/2025 0:00,0,0,0,0,0,0,0,27.39,84.11,100.95,3.43,62.5,0,0,0,0,0,24.49,4.13,62.1,9.67,80.18,0,1,527.7688,3.29,13.51,12.38,19.11,0,0,295,10,3,0,0
10/22/2025 1:00,0,0,0,0,0,0,0,27.32,84.01,100.88,3.36,55.9,0,0,0,0,0,24.4,4.04,55.3,9.67,80.18,0,1,611.1455,0.68,11.88,5.47,14.24,0,1,295,10,3,0,0
10/22/2025 2:00,0,0,0,0,0,0,0,27.25,83.89,100.84,3.3,51.2,0,0,0,0,0,24.31,3.98,50.5,9.67,80.18,0,1,494.50293,0,16.81,3.79,17.77,0,2,295,10,3,0,0
10/22/2025 3:00,0,0,0,0,0,0,0,27.21,83.69,100.85,3.3,48.2,0,0,0,0,0,24.23,3.97,47.6,9.67,80.18,0,1,537.18823,0,18.86,1.16,19.31,0,3,295,10,3,0,0
10/22/2025 4:00,0,0,0,0,0,0,0,27.19,83.65,100.89,3.4,46.4,0,0,0,0,0,24.2,4.11,45.9,9.67,80.18,0,1,560.4663,1.73,24.31,3.04,27.04,0,4,295,10,3,0,0
10/22/2025 5:00,0,11.73,43.57,12.2,12.2,0.27,0.09,27.21,83.57,100.96,3.58,45.2,4.95,5.15,0.62,0,0,24.21,4.34,44.8,9.67,80.18,0,1,504.29272,12.58,29.46,20.74,43.45,0,5,295,10,3,0,0
10/22/2025 6:00,557.1428571,167.35,459.2,65.43,184.68,0.49,0.08,27.91,80.78,101.03,3.93,44.8,77.98,85.72,8.45,0.05,0.28,24.33,4.54,44.5,9.67,80.18,0,1,464.38745,46.19,19.5,20.86,58.65,2.20E-05,6,295,10,3,1,0
10/22/2025 7:00,3351.833333,381.17,550.93,133.99,427.77,0.58,0.07,28.53,76.87,101.1,4.17,46.7,181.06,202.1,21.83,0.35,1.73,24.09,4.52,46.5,9.67,80.18,0,1,744.60913,66.32,16.08,24.65,76.52,4.39E-05,7,295,10,3,1,12.37191604
10/22/2025 8:00,6429.166667,603.12,576.57,201.54,646.85,0.65,0.06,29.1,73.32,101.17,3.81,50.5,287.45,305.3,36.8,0.89,4.5,23.87,4.1,50.4,9.67,80.18,0,1,725.2483,72,18.02,22.56,77.27,8.42E-05,8,295,10,3,1,26.53389453
10/22/2025 9:00,7589.666667,758.08,632.01,219.03,815.4,0.67,0.06,29.68,69.8,101.22,3.24,47,360.48,383.42,47.77,1.43,7.35,23.6,3.46,47.2,9.67,80.18,0,1,752.4592,76.62,15.25,16.65,80.74,0.000135501,9,295,10,3,1,40.26728182
10/22/2025 10:00,6751,858.53,686.36,210.07,917.85,0.69,0.06,30.12,67.35,101.17,3.05,30.8,407.1,430.53,54.64,1.81,9.48,23.42,3.23,31.3,9.67,80.18,0,1,768.6438,84.76,28.17,28.06,88.71,0.000390644,10,295,10,3,1,53.08556369
10/22/2025 11:00,6505,846.62,535.71,304.51,915.7,0.66,0.06,30.41,65.66,101.06,3.44,15.9,397.52,426,52.67,1.78,9.23,23.28,3.63,16.5,9.67,80.18,0,1,746.7444,99.34,33.81,28.37,99.61,0.001160965,11,295,10,3,1,63.61470095
10/22/2025 12:00,7514.666667,781.95,455.89,286.58,865.1,0.64,0.06,30.6,64.33,100.94,3.84,11,366.5,402.25,48.06,1.55,7.95,23.11,4.06,11.2,9.67,80.18,0,1,811.94336,100,18.87,14.14,100,0.002610076,12,295,10,3,1,68.22833693
10/22/2025 13:00,2535.166667,670.85,518.32,233.5,740.75,0.62,0.06,30.64,63.69,100.85,3.98,14.2,314.57,344.22,40.46,1.14,5.82,22.99,4.21,14.3,9.67,80.18,0,1,683.1865,97.64,28.58,33.97,98.21,0.004245892,13,295,10,3,1,63.61470095
10/22/2025 14:00,5052,515.62,320.03,273.52,554.85,0.6,0.06,30.52,63.91,100.78,4.07,23.7,241.27,257.35,29.69,0.66,3.35,22.93,4.33,23.7,9.67,80.18,0,1,628.1555,99.59,17.26,29.42,99.84,0.005622711,14,295,10,3,1,53.08556369
10/22/2025 15:00,5629.166667,280.65,298.21,182.82,329.65,0.48,0.07,30.22,65.42,100.78,4.32,34.5,130.55,151.3,15.69,0.22,1.08,23.03,4.63,34.4,9.67,80.18,0,1,601.0437,98.92,19.41,29.07,98.92,0.007519439,15,295,10,3,1,40.26728182
10/22/2025 16:00,2284.5,90.82,68.83,69.08,112.78,0.34,0.07,29.77,68.33,100.82,4.56,41.8,41.82,50.13,5.09,0.02,0.12,23.33,4.98,41.5,9.67,80.18,0,1,612.8347,99.05,9.19,41.89,99.58,0.006639302,16,295,10,3,1,26.53389453
10/22/2025 17:00,377.4285714,0,0,0,0,0,0,29.1,73.2,100.89,4.48,46.3,0,0,0,0,0,23.82,5.3,45.6,9.67,80.18,0,1,544.82056,95.45,18.91,36.23,97.12,0.005637109,17,295,10,3,1,12.37191604
10/22/2025 18:00,0,0,0,0,0,0,0,28.68,76.91,100.97,4.51,48.3,0,0,0,0,0,24.25,5.54,47.6,9.67,80.18,0,1,507.75464,92.81,34.99,41.19,97.38,0.0047911,18,295,10,3,1,0
10/22/2025 19:00,0,0,0,0,0,0,0,28.43,79.42,101.06,4.54,49.3,0,0,0,0,0,24.55,5.6,48.6,9.67,80.18,0,1,391.83667,88.45,32.25,32.9,92.99,0.004317462,19,295,10,3,0,0
10/22/2025 20:00,0,0,0,0,0,0,0,28.26,81.04,101.13,4.46,48.5,0,0,0,0,0,24.72,5.52,47.8,9.67,80.18,0,1,346.84766,91.21,20.23,25.91,94.56,0.004372392,20,295,10,3,0,0
10/22/2025 21:00,0,0,0,0,0,0,0,28.11,81.97,101.13,4.31,45.8,0,0,0,0,0,24.76,5.37,44.8,9.67,80.18,0,1,367.88843,91.4,20.97,28.49,94.52,0.004749604,21,295,10,3,0,0
10/22/2025 22:00,0,0,0,0,0,0,0,28.01,82.32,101.09,4.2,41.4,0,0,0,0,0,24.74,5.24,40.4,9.67,80.18,0,1,393.4402,80.43,19.9,27.83,87.83,0.003012603,22,295,10,3,0,0
10/22/2025 23:00,0,0,0,0,0,0,0,27.93,82.37,101.03,4.2,35.9,0,0,0,0,0,24.67,5.24,34.9,9.67,80.18,0,1,439.81152,77.18,27.79,30.44,86.88,0.002692846,23,295,10,3,0,0
10/23/2025 0:00,0,0,0,0,0,0,0,27.88,82.16,100.94,4.29,30.4,0,0,0,0,0,24.58,5.36,29.4,9.67,80.18,0,1,342.81226,90.93,25.58,27.39,93.73,0.002648891,0,296,10,4,0,0
10/23/2025 1:00,0,0,0,0,0,0,0,27.87,81.88,100.85,4.47,25.6,0,0,0,0,0,24.52,5.61,24.9,9.67,80.18,0,1,308.87305,99.27,35.82,28.96,99.71,0.002967491,1,296,10,4,0,0
10/23/2025 2:00,0,0,0,0,0,0,0,27.85,81.9,100.81,4.58,22.2,0,0,0,0,0,24.5,5.76,21.6,9.67,80.18,0,1,325.86768,99.65,26.25,34.1,99.65,0.005324658,2,296,10,4,0,0
10/23/2025 3:00,0,0,0,0,0,0,0,27.84,81.98,100.8,4.65,19.1,0,0,0,0,0,24.5,5.85,18.7,9.67,80.18,0,1,356.9253,94.73,14.38,31.81,95.2,0.009787697,3,296,10,4,0,0
10/23/2025 4:00,0,0,0,0,0,0,0,27.84,82.21,100.83,4.73,17.5,0,0,0,0,0,24.55,5.95,17.4,9.67,80.18,0,1,397.8811,94.67,17.19,35.08,95.45,0.01130826,4,296,10,4,0,0
10/23/2025 5:00,0,9.55,12.43,11.02,10.57,0.22,0.09,27.85,82.46,100.88,4.74,16.4,4.18,4.62,0.54,0,0,24.61,5.97,16.6,9.67,80.18,0,1,433.8672,97.72,23.27,44.63,98.22,0.020612996,5,296,10,4,0,0
10/23/2025 6:00,500.1428571,130.27,127.72,88.13,163.43,0.38,0.07,28.34,80.69,100.95,4.83,14.9,60.77,74.92,7.14,0.04,0.22,24.72,5.74,15.2,9.67,80.18,0,1,418.91772,97.97,21.28,41.83,98.26,0.020564213,6,296,10,4,1,0
10/23/2025 7:00,3173.333333,320.8,207.78,194.9,397.83,0.49,0.06,28.78,78.2,101.03,4.78,12.4,152.99,186.88,19.04,0.31,1.52,24.63,5.25,12.6,9.67,80.18,0,1,504.6792,98.07,27.72,43.95,99.51,0.026597444,7,296,10,4,1,12.29503117
10/23/2025 8:00,4517.833333,491.3,264.52,278.23,615.28,0.53,0.06,29.06,76.32,101.09,4.56,10.5,236.18,290.43,30.99,0.76,3.88,24.48,4.92,10.6,9.67,80.18,0,1,456.31665,95.4,13.69,65.27,97.87,0.011271752,8,296,10,4,1,26.43055693
10/23/2025 9:00,3372,564.72,366.53,243.88,783.67,0.5,0.06,29.31,74.89,101.11,4.49,9.5,270.55,369.87,37.16,1.12,5.75,24.42,4.84,9.8,9.67,80.18,0,1,381.9685,96.71,23,82.95,99.32,0.025204003,9,296,10,4,1,40.12664474
10/23/2025 10:00,2988.666667,687.47,404.04,280.08,886.22,0.55,0.06,29.52,73.84,101.07,4.57,8.4,328.43,418.02,45.16,1.5,7.6,24.39,4.92,8.7,9.67,80.18,0,1,530.17676,98.93,47.92,83.66,99.32,0.1069141,10,296,10,4,1,52.88809202
10/23/2025 11:00,10324.5,792.92,367.3,377.84,925.1,0.62,0.06,29.61,73.15,100.96,4.67,8.6,380.95,437.93,52.03,1.78,9.05,24.31,5.04,8.6,9.67,80.18,0,1,1830.6316,92.82,7.66,72.15,97.2,0.07224047,11,296,10,4,1,63.33240035
10/23/2025 12:00,5549.333333,707.3,280.39,377.91,876.42,0.58,0.07,29.65,72.68,100.86,4.8,10.3,340.75,414.95,46.58,1.53,7.6,24.25,5.19,10.2,9.67,80.18,0,1,2515.5254,91.79,31.84,61.49,95.11,0.07946575,12,296,10,4,1,67.88438037
10/23/2025 13:00,7223.666667,570.05,315.95,252.15,753.75,0.53,0.06,29.62,72.47,100.77,4.98,12.6,274.3,357.24,37.4,1.08,5.65,24.16,5.41,12.3,9.67,80.18,0,1,1027.4375,91.54,36.84,35.15,94.16,0.13409454,13,296,10,4,1,63.33240035
10/23/2025 14:00,5756.333333,402.25,211.25,217.61,569.3,0.47,0.06,29.54,72.57,100.71,5.14,13.6,194.22,270.08,26.42,0.61,3.1,24.1,5.61,13.1,9.67,80.18,0,1,3192.8767,96.55,24.19,45.65,98.55,0.13863122,14,296,10,4,1,52.88809202
10/23/2025 15:00,4019.6,222.82,92.4,146.75,342.4,0.38,0.06,29.38,73.17,100.71,4.9,16.4,107.78,161.65,14.38,0.21,1.02,24.1,5.35,15.6,9.67,80.18,0,1,3456.8245,97.41,15.11,44.3,98.31,0.07709956,15,296,10,4,1,40.12664474
10/23/2025 16:00,982.6666667,75.43,34.61,62.9,117.62,0.28,0.06,29.07,74.75,100.79,4.16,23.2,36.37,53.91,4.71,0.02,0.1,24.15,4.58,22.1,9.67,80.18,0,1,2304.5874,100,9.91,42.89,100,0.053309277,16,296,10,4,1,26.43055693
10/23/2025 17:00,176.5,0,0,0,0,0,0,28.64,77.8,100.89,3.62,31.8,0,0,0,0,0,24.41,4.23,29.6,9.67,80.18,0,1,641.6113,96.23,23.62,62,97.78,0.060054455,17,296,10,4,1,12.29503117
10/23/2025 18:00,0,0,0,0,0,0,0,28.37,80.57,100.97,3.88,34.9,0,0,0,0,0,24.74,4.67,32.7,9.67,80.18,0,1,358.1228,99.84,27.06,60.78,99.84,0.058703918,18,296,10,4,1,0
10/23/2025 19:00,0,0,0,0,0,0,0,28.2,82.68,101.06,4.33,35.3,0,0,0,0,0,24.99,5.24,33.5,9.67,80.18,0,1,421.6853,98.36,30.68,46.65,99.25,0.034658898,19,296,10,4,0,0
10/23/2025 20:00,0,0,0,0,0,0,0,28.05,84.36,101.1,4.75,36.3,0,0,0,0,0,25.19,5.76,34.8,9.67,80.18,0,1,401.60132,97.76,25.07,17.2,98.82,0.026149608,20,296,10,4,0,0
10/23/2025 21:00,0,0,0,0,0,0,0,27.95,85.53,101.1,5.08,37.3,0,0,0,0,0,25.31,6.19,36.1,9.67,80.18,0,1,391.01318,99,30.76,26.35,99.39,0.04474412,21,296,10,4,0,0
10/23/2025 22:00,0,0,0,0,0,0,0,27.88,86.3,101.05,5.26,37.5,0,0,0,0,0,25.39,6.43,36.7,9.67,80.18,0,1,354.3086,78.04,34.84,26.76,86.53,0.0210554,22,296,10,4,0,0
10/23/2025 23:00,0,0,0,0,0,0,0,27.85,86.64,100.98,5.29,37.8,0,0,0,0,0,25.44,6.51,37,9.67,80.18,0,1,320.37134,83.16,37.24,22.14,89.59,0.03458374,23,296,10,4,0,0
10/24/2025 0:00,0,0,0,0,0,0,0,27.82,86.83,100.87,5.2,37.8,0,0,0,0,0,25.45,6.45,37.3,9.67,80.18,0,1,318.36157,91.52,34.88,36.74,93.89,0.038264375,0,297,10,5,0,0
10/24/2025 1:00,0,0,0,0,0,0,0,27.81,86.76,100.78,5.05,38.4,0,0,0,0,0,25.42,6.32,38.2,9.67,80.18,0,1,307.22607,96.59,21.24,32.32,98.14,0.022620436,1,297,10,5,0,0
10/24/2025 2:00,0,0,0,0,0,0,0,27.82,86.51,100.75,4.89,41.4,0,0,0,0,0,25.38,6.14,41.4,9.67,80.18,0,1,310.37158,59.43,20.19,40.46,76.27,0.007116836,2,297,10,5,0,0
10/24/2025 3:00,0,0,0,0,0,0,0,27.83,86.13,100.76,4.67,44.8,0,0,0,0,0,25.33,5.88,44.9,9.67,80.18,0,1,360.0918,41.44,43.96,37.17,73.55,0.02272873,3,297,10,5,0,0
10/24/2025 4:00,0,0,0,0,0,0,0,27.89,85.38,100.82,4.5,47.8,0,0,0,0,0,25.23,5.68,48,9.67,80.18,0,1,317.9143,60.61,16.35,44.1,76.65,0.05642502,4,297,10,5,0,0
10/24/2025 5:00,0,7.43,4.64,10,10.93,0.17,0.07,27.99,84.4,100.9,4.37,49.6,3.28,4.68,0.45,0,0,25.14,5.51,49.9,9.67,80.18,0,1,298.8181,64.3,26.13,26.45,76.97,0.04360729,5,297,10,5,0,0
10/24/2025 6:00,186.1,97.93,80.66,80.46,170.82,0.29,0.06,28.39,82.49,100.98,4.42,50.2,48.11,79.3,6.31,0.04,0.2,25.13,5.48,50.5,9.67,80.18,0,1,296.44263,83.77,29.83,23.12,87.29,0.039867,6,297,10,5,1,0
10/24/2025 7:00,456,250.52,131.19,186.98,409.2,0.38,0.06,28.89,79.1,101.04,4.82,50.3,122.76,194.23,16.68,0.28,1.4,24.92,5.47,50.5,9.67,80.18,0,1,285.07227,89.05,47.92,25.02,93.7,0.041994862,7,297,10,5,1,12.21855009
10/24/2025 8:00,3271,347.65,121.78,219.21,627.1,0.38,0.06,29.27,76.48,101.08,5.07,50.7,171.23,298.08,25.02,0.65,3.3,24.72,5.64,50.9,9.67,80.18,0,1,341.6421,96.14,42.85,22.77,96.92,0.037115086,8,297,10,5,1,26.32740936
10/24/2025 9:00,3322.166667,440.08,84.17,238,796,0.39,0.06,29.69,73.8,101.07,5.42,50.3,216.68,377.81,33.08,1.07,5.47,24.52,5.99,50.4,9.67,80.18,0,1,394.81885,99.87,43.93,19.47,100,0.032920342,9,297,10,5,1,39.98609229
10/24/2025 10:00,1989.833333,418.77,106.79,224.8,899.17,0.34,0.06,30.02,71.57,100.98,5.74,48.8,204.04,426.15,32.01,1.16,5.78,24.34,6.34,48.8,9.67,80.18,0,1,411.41553,100,35.57,17.46,100,0.03129326,10,297,10,5,1,52.69094555
10/24/2025 11:00,2249,354.33,24.42,251.55,921.45,0.28,0.07,30.23,70.3,100.86,6.04,47.3,181.83,435.87,27.04,0.94,4.65,24.25,6.68,47.2,9.67,80.18,0,1,434.63647,100,24.13,20.8,100,0.066915154,11,297,10,5,1,63.05181897
10/24/2025 12:00,3533.8,420.17,25.38,270.98,873.6,0.34,0.07,30.28,70.1,100.76,6.36,46.5,211.45,413.22,30.67,1.01,5,24.25,7.04,46.3,9.67,80.18,0,1,473.81958,100,14.88,11.45,100,0.07348722,12,297,10,5,1,67.54411172
10/24/2025 13:00,4288.4,374.55,17.87,278.56,753.45,0.35,0.06,30.18,70.6,100.69,6.67,47.2,188.64,356.7,27.1,0.8,4.18,24.27,7.43,47,9.67,80.18,0,1,519.2102,100,12.38,5.99,100,0.042638764,13,297,10,5,1,63.05181897
10/24/2025 14:00,4805.333333,329.45,63.68,174.32,571.97,0.38,0.06,29.89,71.95,100.65,6.72,49.5,162.55,271,22.57,0.53,2.67,24.3,7.54,49.1,9.67,80.18,0,1,546.0188,100,11.83,5.27,100,0.033744823,14,297,10,5,1,52.69094555
10/24/2025 15:00,3371.2,182.65,49.19,132.56,348.05,0.32,0.06,29.52,73.76,100.65,6.56,52.1,90.2,164.15,12.44,0.19,0.9,24.36,7.41,51.8,9.67,80.18,0,1,563.5913,100,9.4,2.54,100,0.028355192,15,297,10,5,1,39.98609229
10/24/2025 16:00,1349.833333,59.03,22.22,50.12,122.78,0.22,0.06,29.15,75.89,100.68,6.3,53.8,28.87,56.15,3.95,0.02,0.08,24.48,7.28,53.7,9.67,80.18,0,1,498.71045,100,15.49,18.62,100,0.020201247,16,297,10,5,1,26.32740936
10/24/2025 17:00,216.3333333,0,0,0,0,0,0,28.74,78.41,100.75,5.94,55.4,0,0,0,0,0,24.63,7.28,55.5,9.67,80.18,0,1,444.78955,100,10.78,13.36,100,0.004923862,17,297,10,5,1,12.21855009
10/24/2025 18:00,0,0,0,0,0,0,0,28.55,79.47,100.85,5.9,57.9,0,0,0,0,0,24.67,7.36,58,9.67,80.18,0,1,462.18433,95.77,12.05,9.75,96.5,0.00075327,18,297,10,5,1,0
10/24/2025 19:00,0,0,0,0,0,0,0,28.45,79.69,100.95,5.9,59.2,0,0,0,0,0,24.62,7.39,59.4,9.67,80.18,0,1,570.218,99.07,13.89,11.23,99.53,0.001802057,19,297,10,5,0,0
10/24/2025 20:00,0,0,0,0,0,0,0,28.36,79.92,101.02,6.01,57.2,0,0,0,0,0,24.58,7.52,57.4,9.67,80.18,0,1,606.698,97.9,18.75,22.65,98.63,0.003165908,20,297,10,5,0,0
10/24/2025 21:00,0,0,0,0,0,0,0,28.25,80.07,101.04,6.18,53.4,0,0,0,0,0,24.51,7.72,53.5,9.67,80.18,0,1,701.657,96.18,21.55,17.33,96.31,0.004900415,21,297,10,5,0,0
10/24/2025 22:00,0,0,0,0,0,0,0,28.16,79.98,101.03,6.34,49.7,0,0,0,0,0,24.41,7.91,49.9,9.67,80.18,0,1,604.74023,99.47,13.24,15.19,99.47,0.018057458,22,297,10,5,0,0
10/24/2025 23:00,0,0,0,0,0,0,0,28.06,79.82,100.98,6.54,46.9,0,0,0,0,0,24.27,8.15,47.1,9.67,80.18,0,1,619.3657,99.74,12.26,22.61,99.74,0.016295679,23,297,10,5,0,0
10/25/2025 0:00,0,0,0,0,0,0,0,27.97,79.55,100.9,6.8,44.7,0,0,0,0,0,24.13,8.45,45,9.67,80.18,0,1,559.83545,100,22.75,26.2,100,0.008570664,0,298,10,6,0,0
10/25/2025 1:00,0,0,0,0,0,0,0,27.9,79.11,100.83,7.01,42.9,0,0,0,0,0,23.96,8.71,43.3,9.67,80.18,0,1,575.4944,99.79,16.11,14.63,99.79,0.009444512,1,298,10,6,0,0
10/25/2025 2:00,0,0,0,0,0,0,0,27.85,78.6,100.8,6.92,41.9,0,0,0,0,0,23.8,8.64,42.4,9.67,80.18,0,1,553.42505,99.45,17.94,11.58,99.74,0.010643296,2,298,10,6,0,0
10/25/2025 3:00,0,0,0,0,0,0,0,27.82,78.11,100.81,6.59,41.4,0,0,0,0,0,23.66,8.28,42,9.67,80.18,0,1,662.1472,99.84,13.44,6.03,100,0.007647902,3,298,10,6,0,0
10/25/2025 4:00,0,0,0,0,0,0,0,27.8,77.51,100.86,6.31,41.3,0,0,0,0,0,23.53,7.96,41.9,9.67,80.18,0,1,717.4846,99.71,16.12,9.95,99.71,0.010769412,4,298,10,6,0,0
10/25/2025 5:00,0,9.77,4.26,11.82,11.68,0.23,0.09,27.82,76.93,100.93,6.22,42.1,4.12,4.91,0.55,0,0,23.42,7.86,42.8,9.67,80.18,0,1,761.01416,100,14.56,9.09,100,0.014044363,5,298,10,6,0,0
10/25/2025 6:00,628.3333333,108.38,34.59,77.81,178.73,0.32,0.06,28.29,75.04,101.02,6.51,44.7,51.83,81.93,6.79,0.04,0.22,23.47,7.92,45.3,9.67,80.18,0,1,3450.26,100,18.48,3.36,100,0.016127698,6,298,10,6,1,0
10/25/2025 7:00,2785.8,260.77,78.5,185.12,419.17,0.4,0.06,28.93,71.81,101.11,6.96,49,124.72,196.03,16.95,0.28,1.38,23.35,7.82,49.5,9.67,80.18,0,1,928.7639,99.87,11.21,2.9,99.87,0.01619964,7,298,10,6,1,12.14251213
10/25/2025 8:00,5744.2,397.42,82.81,231.32,639.58,0.43,0.06,29.47,68.76,101.18,7.21,52.2,189.78,299.2,26.77,0.65,3.35,23.16,8.03,52.7,9.67,80.18,0,1,897.9429,100,23.2,1.52,100,0.018289328,8,298,10,6,1,26.22451813
10/25/2025 9:00,4677.239242,561.45,63.56,408.59,809.12,0.5,0.07,29.88,66.9,101.18,7.44,50.5,269.86,377.37,37.18,1.1,5.65,23.08,8.24,51.1,9.67,80.18,0,1,969.3987,100,19.45,0.69,100,0.01966377,9,298,10,6,1,39.84572539
10/25/2025 10:00,6433.811045,708.83,180.6,470.75,910.47,0.57,0.07,30.12,65.93,101.09,7.64,45.2,335.87,423.23,45.8,1.49,7.4,23.06,8.44,45.8,9.67,80.18,0,1,980.4514,99.69,15.8,1.98,99.69,0.025042228,10,298,10,6,1,52.49426962
10/25/2025 11:00,7604.634803,715.58,135.09,423.43,935.55,0.56,0.07,30.19,65.85,100.98,7.76,40.2,339.97,434.33,46.51,1.54,7.7,23.12,8.55,40.7,9.67,80.18,0,1,939.76514,99.79,13.46,0.22,99.79,0.03105789,11,298,10,6,1,62.77312252
10/25/2025 12:00,7084.998315,647.92,95,404.58,884.17,0.53,0.07,30.13,66.31,100.88,7.71,37.3,308.42,410.02,42.15,1.34,6.65,23.17,8.49,37.8,9.67,80.18,0,1,1015.92236,99.84,13.21,0.49,99.84,0.026333123,12,298,10,6,1,67.2076318
10/25/2025 13:00,6087.144989,513.05,38.48,378.69,759.05,0.48,0.07,29.98,67.1,100.82,7.58,37,245.85,351.77,33.52,0.95,4.97,23.23,8.35,37.4,9.67,80.18,0,1,1264.1057,99.35,9.57,0,99.35,0.01684767,13,298,10,6,1,62.77312252
10/25/2025 14:00,4959.402338,367.85,35.51,247.82,572.95,0.43,0.06,29.77,68.12,100.79,7.47,39.9,176.52,265.17,23.86,0.54,2.72,23.27,8.25,40.2,9.67,80.18,0,1,1408.9019,100,9.07,1.31,100,0.014492236,14,298,10,6,1,52.49426962
10/25/2025 15:00,378,195.82,13.95,173,342.75,0.34,0.06,29.44,69.64,100.81,7.43,44.1,94.45,156.95,12.78,0.19,0.9,23.33,8.22,44.3,9.67,80.18,0,1,5832.117,100,0.13,0.81,100,0.018840339,15,298,10,6,1,39.84572539
10/25/2025 16:00,1007.5,67.57,17.85,64.3,117.8,0.26,0.06,29.07,71.72,100.85,7.22,46.4,32.12,51.95,4.27,0.02,0.1,23.46,8.16,46.3,9.67,80.18,0,1,8095.0547,100,0.84,1.09,100,0.026253484,16,298,10,6,1,26.22451813
10/25/2025 17:00,237.5714286,0,0,0,0,0,0,28.54,74.72,100.9,6.65,45.6,0,0,0,0,0,23.64,8.05,45.4,9.67,80.18,0,1,8046.8906,100,0.71,0.99,100,0.033936333,17,298,10,6,1,12.14251213
10/25/2025 18:00,0,0,0,0,0,0,0,28.26,76.3,100.98,6.33,45.1,0,0,0,0,0,23.72,7.88,45.1,9.67,80.18,0,1,5713.8125,100,0.42,0.81,100,0.036622934,18,298,10,6,1,0
10/25/2025 19:00,0,0,0,0,0,0,0,28.18,76.64,101.08,6.12,48.2,0,0,0,0,0,23.7,7.68,48.2,9.67,80.18,0,1,8267.086,100,0.42,0.14,100,0.035783466,19,298,10,6,0,0
10/25/2025 20:00,0,0,0,0,0,0,0,28.12,76.75,101.14,6.04,49.6,0,0,0,0,0,23.68,7.61,49.4,9.67,80.18,0,1,2955.506,100,5.44,3.29,100,0.038370594,20,298,10,6,0,0
10/25/2025 21:00,0,0,0,0,0,0,0,28.05,76.81,101.13,6.02,45.5,0,0,0,0,0,23.62,7.61,45.2,9.67,80.18,0,1,572.3264,100,4.39,4.49,100,0.045444068,21,298,10,6,0,0
10/25/2025 22:00,0,0,0,0,0,0,0,27.96,76.79,101.08,5.94,39.3,0,0,0,0,0,23.54,7.52,39.1,9.67,80.18,0,1,640.90625,100,19.35,20.99,100,0.041521586,22,298,10,6,0,0
10/25/2025 23:00,0,0,0,0,0,0,0,27.88,76.51,101.01,5.73,33.3,0,0,0,0,0,23.39,7.24,33.1,9.67,80.18,0,1,611.71704,100,12.63,60.22,100,0.045503613,23,298,10,6,0,0
10/26/2025 0:00,0,0,0,0,0,0,0,27.77,76.22,100.93,5.56,27.6,0,0,0,0,0,23.21,7.03,27.4,9.67,80.18,0,1,592.8186,100,17.03,92.66,100,0.04848266,0,299,10,0,0,0
10/26/2025 1:00,0,0,0,0,0,0,0,27.68,75.64,100.88,5.59,25.2,0,0,0,0,0,23.01,7.05,25.1,9.67,80.18,0,1,529.75073,100,17.18,98.29,100,0.0439902,1,299,10,0,0,0
10/26/2025 2:00,0,0,0,0,0,0,0,27.6,75,100.87,5.58,25,0,0,0,0,0,22.78,7.04,25,9.67,80.18,0,1,404.0542,99.79,18.65,95.11,100,0.040549558,2,299,10,0,0,0
10/26/2025 3:00,0,0,0,0,0,0,0,27.57,74.21,100.91,5.6,26.3,0,0,0,0,0,22.59,7.07,26.4,9.67,80.18,0,1,330.22388,100,8.18,95.46,100,0.033098053,3,299,10,0,0,0
10/26/2025 4:00,0,0,0,0,0,0,0,27.59,73.36,100.98,5.72,29.9,0,0,0,0,0,22.43,7.24,30.1,9.67,80.18,0,1,293.65527,100,25.44,93.64,100,0.030713681,4,299,10,0,0,0
10/26/2025 5:00,0,6.25,12.53,8.65,11.4,0.15,0.07,27.62,72.61,101.07,5.78,32.7,2.7,4.73,0.38,0,0,22.27,7.33,32.9,9.67,80.18,0,1,287.4939,99.99,41.41,99.3,100,0.03369668,5,299,10,0,0,0
10/26/2025 6:00,761,52.78,46.23,41.83,175.55,0.16,0.06,28.06,70.81,101.14,5.74,29.3,26.37,79.6,3.73,0.02,0.12,22.29,7.13,29.2,9.67,80.18,0,1,292.38647,99.79,50.99,100,100,0.038513526,6,299,10,0,1,0
10/26/2025 7:00,2879.25,166,91.24,124.68,415.4,0.25,0.06,28.71,67.09,101.18,6.03,20.7,82.9,193.57,11.77,0.2,0.95,22.01,6.82,20.8,9.67,80.18,0,1,343.08594,99.84,19.54,99.05,100,0.045928724,7,299,10,0,1,12.0669565
10/26/2025 8:00,4138.75,257.45,25.23,168.38,633.42,0.28,0.06,29.14,64.4,101.23,6.07,19.2,129.12,296.5,18.73,0.46,2.35,21.75,6.72,19.2,9.67,80.18,0,1,321.83423,99.87,11.32,100,100,0.06706005,8,299,10,0,1,26.12194956
10/26/2025 9:00,3531,144.98,45.56,74.89,801.35,0.13,0.06,29.42,63.07,101.25,6.04,25.7,78.33,375.2,12.12,0.35,1.8,21.68,6.66,25.6,9.67,80.18,0,1,320.52734,100,9.79,99.98,100,0.10195166,9,299,10,0,1,39.70564474
10/26/2025 10:00,1188.166667,198.07,0,143.34,902.45,0.16,0.06,29.45,63.17,101.2,6.06,32,104.95,422.45,16.27,0.52,2.58,21.73,6.69,31.7,9.67,80.18,0,1,288.05347,100,8.39,98.72,100,0.24494982,10,299,10,0,1,52.2982081
10/26/2025 11:00,2659.5,231.1,7.44,165.88,928.33,0.18,0.06,29.29,64.16,101.11,6,35.2,121.23,435.01,18.63,0.62,3.08,21.84,6.61,34.7,9.67,80.18,0,1,270.0122,100,3.64,100,100,0.29603994,11,299,10,0,1,62.49647275
10/26/2025 12:00,2870.75,235.2,34.62,146.85,877.65,0.19,0.06,29.14,64.94,101.02,5.84,35.5,123.1,411.72,18.72,0.6,3,21.89,6.43,34.8,9.67,80.18,0,1,264.0161,100,1.41,99.15,100,0.24010044,12,299,10,0,1,66.87504032
10/26/2025 13:00,2178.6,197.62,13.14,146.93,754.22,0.18,0.06,28.96,65.88,100.93,5.75,33.6,103.05,354.6,15.66,0.45,2.35,21.97,6.34,33,9.67,80.18,0,1,801.03394,99.87,0.97,100,100,0.15170723,13,299,10,0,1,62.49647275
10/26/2025 14:00,1717.4,115.7,0,93.52,569.12,0.14,0.06,28.77,67.29,100.88,5.92,30.8,61.17,267.98,9.4,0.22,1.1,22.13,6.58,30.2,9.67,80.18,0,1,776.4326,100,5.49,99.54,100,0.124298334,14,299,10,0,1,52.2982081
10/26/2025 15:00,1044.166667,96.93,0,86,342.33,0.17,0.06,28.6,68.96,100.86,6.28,28.7,49.88,160.5,7.39,0.11,0.52,22.38,7.1,28.3,9.67,80.18,0,1,822.3933,100,16.87,93.96,100,0.1799686,15,299,10,0,1,39.70564474
10/26/2025 16:00,594.6,28.55,0,29.01,116.05,0.11,0.06,28.46,70.81,100.88,6.64,28.6,14.6,52.59,2.15,0.01,0.05,22.67,7.73,28.4,9.67,80.18,0,1,1079.6235,100,16.27,82.02,100,0.21953118,16,299,10,0,1,26.12194956
10/26/2025 17:00,179.5,0,0,0,0,0,0,28.27,73.16,100.93,6.88,29.9,0,0,0,0,0,23.03,8.39,30,9.67,80.18,0,1,824.4126,100,52.75,78.2,100,0.2240802,17,299,10,0,1,12.0669565
10/26/2025 18:00,0,0,0,0,0,0,0,28.27,74.62,101,7.43,31,0,0,0,0,0,23.34,9.1,31.2,9.67,80.18,0,1,1442.0122,100,64.09,64.76,100,0.14205009,18,299,10,0,1,0
10/26/2025 19:00,0,0,0,0,0,0,0,28.31,75.7,101.09,7.89,32.1,0,0,0,0,0,23.63,9.63,32.4,9.67,80.18,0,1,393.17725,100,62.88,51.61,100,0.12384921,19,299,10,0,0,0
10/26/2025 20:00,0,0,0,0,0,0,0,28.27,77.08,101.14,8.12,33.7,0,0,0,0,0,23.89,9.86,34.2,9.67,80.18,0,1,609.1804,99.53,50.01,79.8,100,0.115626454,20,299,10,0,0,0
10/26/2025 21:00,0,0,0,0,0,0,0,28.11,79.1,101.15,8.09,36,0,0,0,0,0,24.16,9.77,36.8,9.67,80.18,0,1,527.9453,98.95,36.85,74.09,99.74,0.110124886,21,299,10,0,0,0
10/26/2025 22:00,0,0,0,0,0,0,0,27.88,81.66,101.11,7.86,40,0,0,0,0,0,24.46,9.42,41,9.67,80.18,0,1,539.7427,98.13,15.13,33.39,98.6,0.1436845,22,299,10,0,0,0
10/26/2025 23:00,0,0,0,0,0,0,0,27.64,83.96,101.04,7.47,44.7,0,0,0,0,0,24.7,8.9,46,9.67,80.18,0,1,373.06958,98.6,16.36,28.95,98.76,0.15249354,23,299,10,0,0,0
10/27/2025 0:00,0,0,0,0,0,0,0,27.41,85.68,100.97,6.92,49,0,0,0,0,0,24.82,8.23,50.4,9.67,80.18,0,1,325.94824,97.36,29.47,56.64,98.91,0.14133328,0,300,10,1,0,0
10/27/2025 1:00,0,0,0,0,0,0,0,27.22,86.76,100.9,6.44,50.6,0,0,0,0,0,24.85,7.69,52.2,9.67,80.18,0,1,300.52173,99.69,15.72,42.58,99.69,0.12277377,1,300,10,1,0,0
10/27/2025 2:00,0,0,0,0,0,0,0,27.16,86.85,100.86,6.09,48.5,0,0,0,0,0,24.8,7.33,50,9.67,80.18,0,1,306.5298,96.66,5.71,48.85,97.64,0.054320652,2,300,10,1,0,0
10/27/2025 3:00,0,0,0,0,0,0,0,27.16,86.5,100.86,5.97,43.5,0,0,0,0,0,24.73,7.22,44.7,9.67,80.18,0,1,301.01392,86.79,28.8,61.88,94.53,0.031582717,3,300,10,1,0,0
10/27/2025 4:00,0,0,0,0,0,0,0,27.24,85.51,100.89,5.99,37.7,0,0,0,0,0,24.62,7.3,38.7,9.67,80.18,0,1,299.4795,70.07,39.55,54.97,90.32,0.056538053,4,300,10,1,0,0
10/27/2025 5:00,0,3.83,0,4.42,10.32,0.09,0.07,27.34,84.41,100.96,6.06,32.5,1.77,4.45,0.27,0,0,24.5,7.42,33.6,9.67,80.18,0,1,340.2434,64.7,37.37,43.3,82.05,0.07209879,5,300,10,1,0,0
10/27/2025 6:00,376.5,45.42,0,42.85,161.32,0.13,0.05,27.6,82.93,101.02,6.3,28.8,24.02,74.21,3.36,0.02,0.1,24.46,7.62,29.9,9.67,80.18,0,1,379.73218,74.79,14.61,94.24,97.04,0.05409905,6,300,10,1,1,0
10/27/2025 7:00,3090.6,134.02,28.39,96.33,391.92,0.21,0.06,27.86,81.48,101.09,6.66,26.1,69.95,184.75,10.21,0.17,0.85,24.43,7.77,26.9,9.67,80.18,0,1,311.3435,85.44,24.52,100,100,0.024633419,7,300,10,1,1,11.99192229
10/27/2025 8:00,3123.4,172.75,0.14,133.6,606.2,0.19,0.06,28.03,80.96,101.13,6.89,23.3,90.93,286.77,13.95,0.36,1.85,24.48,7.85,24.1,9.67,80.18,0,1,337.04297,82.25,33.03,99.95,100,0.01733169,8,300,10,1,1,26.01976992
10/27/2025 9:00,1179.8,104.35,0,78.25,772.15,0.09,0.06,28.13,81.21,101.13,7.1,22.9,57.75,364.87,8.89,0.26,1.33,24.62,7.99,23.5,9.67,80.18,0,1,365.71558,78.47,21.51,99.78,100,0.017015383,9,300,10,1,1,39.56595076
10/27/2025 10:00,644,122.5,13.8,86.82,873.08,0.1,0.06,28.14,82.27,101.07,7.3,26.9,68.34,411.92,10.56,0.34,1.67,24.86,8.2,27.4,9.67,80.18,0,1,1165.0054,91.55,21.79,99.54,100,0.08854818,10,300,10,1,1,52.10290327
10/27/2025 11:00,582.5,247.6,0,179.41,913.3,0.19,0.06,28.1,83.79,100.96,7.39,33.4,130.62,432.32,19.96,0.68,3.38,25.12,8.32,34.1,9.67,80.18,0,1,551.6443,98.88,18.39,99.57,100,0.1451177,11,300,10,1,1,62.2220275
10/27/2025 12:00,964,320.6,31.51,203.92,863.55,0.26,0.06,28.06,85.21,100.88,7.43,41.2,162.98,408.7,24.16,0.78,3.88,25.37,8.37,41.9,9.67,80.18,0,1,853.3628,100,17.43,100,100,0.18892413,12,300,10,1,1,66.54643583
10/27/2025 13:00,690.6666667,314.58,20.59,233.96,741.1,0.29,0.06,28.05,85.96,100.82,7.42,50,158.18,350.95,23.19,0.68,3.55,25.5,8.38,50.7,9.67,80.18,0,1,2429.3838,98.93,4.82,100,100,0.20035583,13,300,10,1,1,62.2220275
10/27/2025 14:00,1412.6,351.52,87.32,212.98,556.88,0.41,0.06,27.95,86.44,100.8,7.55,59.6,171.97,263.6,23.31,0.52,2.62,25.49,8.53,60.3,9.67,80.18,0,1,3275.9414,97.05,3.49,100,100,0.13630587,14,300,10,1,1,52.10290327
10/27/2025 15:00,1875.4,171.65,58.99,121.19,331.3,0.3,0.06,27.77,86.56,100.8,7.65,67,85,155.57,11.57,0.16,0.8,25.34,8.69,67.7,9.67,80.18,0,1,1702.2893,96.58,3.51,97.42,100,0.10096079,15,300,10,1,1,39.56595076
10/27/2025 16:00,1240.666667,51.75,26.43,42.82,109.4,0.2,0.06,27.5,86.69,100.86,7.54,71.1,25.35,49.52,3.43,0.02,0.08,25.09,8.76,72.1,9.67,80.18,0,1,683.8721,95.91,6.39,99.74,100,0.072604895,16,300,10,1,1,26.01976992
10/27/2025 17:00,122,0,0,0,0,0,0,27.16,87.05,100.94,7.06,75,0,0,0,0,0,24.82,8.5,76.4,9.67,80.18,0,1,1559.2073,99.21,3.26,99.33,100,0.078277886,17,300,10,1,1,11.99192229
10/27/2025 18:00,0,0,0,0,0,0,0,26.96,86.51,101.03,6.47,79.5,0,0,0,0,0,24.52,7.87,80.5,9.67,80.18,0,1,1828.1206,99.1,2.55,99.67,100,0.07935578,18,300,10,1,1,0
10/27/2025 19:00,0,0,0,0,0,0,0,26.82,85.73,101.12,5.92,81.7,0,0,0,0,0,24.23,7.23,82.1,9.67,80.18,0,1,1060.4175,99.4,16.86,99.2,100,0.14331472,19,300,10,1,0,0
10/27/2025 20:00,0,0,0,0,0,0,0,26.71,85.26,101.2,5.38,81.8,0,0,0,0,0,24.04,6.59,81.6,9.67,80.18,0,1,1057.9802,98.9,17.31,86.98,99.73,0.2017287,20,300,10,1,0,0
10/27/2025 21:00,0,0,0,0,0,0,0,26.61,85,101.22,4.88,80.8,0,0,0,0,0,23.91,6.04,80.5,9.67,80.18,0,1,823.45825,99.43,18.8,87.44,99.74,0.21616018,21,300,10,1,0,0
10/27/2025 22:00,0,0,0,0,0,0,0,26.55,84.82,101.18,4.56,79.7,0,0,0,0,0,23.81,5.68,79.2,9.67,80.18,0,1,979.0559,99.45,11.52,91.52,100,0.14362311,22,300,10,1,0,0
10/27/2025 23:00,0,0,0,0,0,0,0,26.48,84.84,101.12,4.29,78,0,0,0,0,0,23.74,5.36,77.7,9.67,80.18,0,1,332.45776,99.78,16.61,74.51,100,0.11861408,23,300,10,1,0,0
10/28/2025 0:00,0,0,0,0,0,0,0,26.41,85.04,101.05,4.17,76.1,0,0,0,0,0,23.72,5.21,75.9,9.67,80.18,0,1,321.59766,98.74,27.81,77.39,99.84,0.14836144,0,301,10,2,0,0
10/28/2025 1:00,0,0,0,0,0,0,0,26.32,85.34,100.98,4.1,73.6,0,0,0,0,0,23.69,5.1,73.5,9.67,80.18,0,1,300.8518,99.6,45.68,83.91,100,0.17942399,1,301,10,2,0,0
10/28/2025 2:00,0,0,0,0,0,0,0,26.23,85.77,100.95,4.01,68.9,0,0,0,0,0,23.68,4.95,68.9,9.67,80.18,0,1,239.87424,99.48,24.31,79.32,99.71,0.15464479,2,301,10,2,0,0
10/28/2025 3:00,0,0,0,0,0,0,0,26.19,85.84,100.95,3.9,63.3,0,0,0,0,0,23.66,4.77,63.5,9.67,80.18,0,1,224.84563,100,9.95,89.17,100,0.11087924,3,301,10,2,0,0
10/28/2025 4:00,0,0,0,0,0,0,0,26.17,85.93,100.99,3.88,58.8,0,0,0,0,0,23.65,4.75,58.8,9.67,80.18,0,1,242.98889,100,10.48,99.99,100,0.11265677,4,301,10,2,0,0
10/28/2025 5:00,0,5.2,0,6.36,10.18,0.13,0.07,26.2,85.78,101.06,3.99,54.8,2.33,4.4,0.33,0,0,23.66,4.89,54.9,9.67,80.18,0,1,237.15515,100,19.86,97.71,100,0.17210978,5,301,10,2,0,0
10/28/2025 6:00,242.2,62.47,0,58.93,160.52,0.19,0.06,26.74,84.42,101.13,4.3,52.7,31.35,73.41,4.41,0.03,0.15,23.92,5.09,52.7,9.67,80.18,0,1,233.81528,100,21.17,97.48,100,0.24955952,6,301,10,2,1,0
10/28/2025 7:00,386.1111111,116.78,0,104.14,392.42,0.18,0.06,27.21,82.14,101.21,4.76,49.3,60.25,184.2,8.78,0.17,0.82,23.92,5.19,49.4,9.67,80.18,0,1,393.08545,100,10.16,87.35,100,0.3837117,7,301,10,2,1,11.91744842
10/28/2025 8:00,905.375,303.58,0.27,234.76,608.03,0.33,0.06,27.55,80.52,101.26,5.04,48.9,151.35,286.7,21.12,0.56,2.9,23.92,5.44,49.2,9.67,80.18,0,1,440.73706,100,12.7,69.53,100,0.39257115,8,301,10,2,1,25.9180454
10/28/2025 9:00,3767,237.73,22.44,138.79,775.25,0.21,0.06,27.94,78.45,101.26,5.33,49.8,124.1,365.3,18.51,0.59,3.03,23.87,5.76,50.1,9.67,80.18,0,1,461.0586,99.84,11.2,40.61,99.84,0.30020094,9,301,10,2,1,39.42674348
10/28/2025 10:00,3613.833333,296.52,12.94,214.77,877.35,0.24,0.06,28.28,76.46,101.2,5.56,49.5,152.94,412.96,22.75,0.79,3.9,23.77,6.03,49.9,9.67,80.18,0,1,499.39453,100,19.48,99.34,100,0.26952922,10,301,10,2,1,51.90849577
10/28/2025 11:00,4397.833333,356.15,0,258.07,904.35,0.28,0.07,28.51,75.03,101.09,5.74,50.1,181.7,425.38,26.67,0.94,4.68,23.67,6.23,50.5,9.67,80.18,0,1,604.8955,100,3.24,93.49,100,0.3350035,11,301,10,2,1,61.94994082
10/28/2025 12:00,4697.166667,290.4,21.18,204.12,854.8,0.24,0.06,28.64,74.1,100.97,5.95,50.5,150.97,402.12,22.39,0.76,3.75,23.6,6.48,51.1,9.67,80.18,0,1,640.2146,100,1.18,56.36,100,0.301166,12,301,10,2,1,66.22191572
10/28/2025 13:00,3053.6,541.2,104.86,388.01,733.03,0.51,0.07,28.69,73.65,100.87,6.18,50.9,260.4,345.1,34.34,1.04,5.45,23.54,6.75,51.4,9.67,80.18,0,1,2236.1304,100,5.13,58.47,100,0.35626203,13,301,10,2,1,61.94994082
10/28/2025 14:00,2693.5,291.27,19.17,232.95,550.4,0.34,0.06,28.6,73.84,100.82,6.13,51.6,144.21,258.98,20.06,0.48,2.45,23.49,6.71,52.1,9.67,80.18,0,1,1811.8218,100,8.32,71.58,100,0.40464443,14,301,10,2,1,51.90849577
10/28/2025 15:00,1374,142,16.64,125.11,326.55,0.25,0.06,28.43,74.41,100.82,5.74,52,71.07,152.29,10.01,0.16,0.75,23.46,6.29,52.4,9.67,80.18,0,1,3454.9656,100,9.66,53.47,100,0.29831374,15,301,10,2,1,39.42674348
10/28/2025 16:00,801.6,51.2,1.29,52,106.3,0.2,0.06,28.13,76.12,100.87,5.2,52.2,25.15,47.8,3.46,0.02,0.08,23.56,5.79,52.4,9.67,80.18,0,1,3101.922,99.65,9.54,71.96,100,0.2313692,16,301,10,2,1,25.9180454
10/28/2025 17:00,312,0,0,0,0,0,0,27.61,79.85,100.93,4.38,51.6,0,0,0,0,0,23.83,5.33,51.8,9.67,80.18,0,1,1424.239,99.06,8.16,88.18,99.61,0.15345496,17,301,10,2,1,11.91744842
10/28/2025 18:00,0,0,0,0,0,0,0,27.38,81.51,101,4.01,50.9,0,0,0,0,0,23.97,5.01,51,9.67,80.18,0,1,473.92847,98.48,14.88,96.3,99.48,0.11280191,18,301,10,2,1,0
10/28/2025 19:00,0,0,0,0,0,0,0,27.28,82.32,101.08,3.84,49.8,0,0,0,0,0,24.03,4.8,49.7,9.67,80.18,0,1,385.47095,96.69,28.92,96.23,99.03,0.05936676,19,301,10,2,0,0
10/28/2025 20:00,0,0,0,0,0,0,0,27.2,82.93,101.14,3.82,49.4,0,0,0,0,0,24.08,4.77,49.3,9.67,80.18,0,1,291.14355,97.92,24.29,98.38,100,0.04773942,20,301,10,2,0,0
10/28/2025 21:00,0,0,0,0,0,0,0,27.1,83.51,101.14,3.82,49.5,0,0,0,0,0,24.1,4.74,49.4,9.67,80.18,0,1,383.5769,92.07,13.48,94.75,98.22,0.047919113,21,301,10,2,0,0
10/28/2025 22:00,0,0,0,0,0,0,0,27.01,83.88,101.11,3.73,48.4,0,0,0,0,0,24.07,4.62,48.2,9.67,80.18,0,1,858.85547,90.93,9.29,85.99,98.27,0.044339407,22,301,10,2,0,0
10/28/2025 23:00,0,0,0,0,0,0,0,26.9,84.15,101.06,3.62,45.9,0,0,0,0,0,24.02,4.44,45.7,9.67,80.18,0,1,269.81006,92.42,18.07,91.88,97.81,0.06126206,23,301,10,2,0,0
10/29/2025 0:00,0,0,0,0,0,0,0,26.79,84.4,100.97,3.5,42.2,0,0,0,0,0,23.95,4.28,42.2,9.67,80.18,0,1,263.66113,93.5,16.15,83.74,99.52,0.08982593,0,302,10,3,0,0
10/29/2025 1:00,0,0,0,0,0,0,0,26.69,84.65,100.9,3.47,38.3,0,0,0,0,0,23.92,4.24,38.4,9.67,80.18,0,1,231.49226,97.62,19.44,94.29,99.48,0.11452472,1,302,10,3,0,0
10/29/2025 2:00,0,0,0,0,0,0,0,26.64,84.92,100.86,3.59,32.4,0,0,0,0,0,23.92,4.4,32.5,9.67,80.18,0,1,225.49396,100,32.96,99.45,100,0.0843904,2,302,10,3,0,0
10/29/2025 3:00,0,0,0,0,0,0,0,26.65,85.01,100.86,3.86,25.5,0,0,0,0,0,23.94,4.75,25.9,9.67,80.18,0,1,215.77614,99.64,20.99,98.23,99.87,0.040310584,3,302,10,3,0,0
10/29/2025 4:00,0,0,0,0,0,0,0,26.69,84.89,100.91,4.12,20.9,0,0,0,0,0,23.96,5.11,21.4,9.67,80.18,0,1,221.8747,94.39,19.51,91.83,98.59,0.027584922,4,302,10,3,0,0
10/29/2025 5:00,0,5.25,0,6.42,9.75,0.13,0.07,26.74,84.88,100.98,4.42,18.2,2.33,4.15,0.33,0,0,24,5.52,18.8,9.67,80.18,0,1,241.74614,84.88,23.55,77.53,94.85,0.022267412,5,302,10,3,0,0
10/29/2025 6:00,338.3333333,58.67,2.2,55.27,152.05,0.18,0.06,27.26,83.66,101.05,5.03,17.6,29.51,68.77,4.18,0.03,0.15,24.28,6.03,18.1,9.67,80.18,0,1,232.70406,81.09,70.92,56.65,93.96,0.022273414,6,302,10,3,1,0
10/29/2025 7:00,1110.25,133.4,5.36,118.52,383.15,0.21,0.06,27.69,81.93,101.12,5.85,17.9,68.24,179.03,9.91,0.18,0.9,24.34,6.48,18.4,9.67,80.18,0,1,302.6223,95.37,25.95,78.27,98.98,0.037963964,7,302,10,3,1,11.84357359
10/29/2025 8:00,1100.666667,222.4,25.2,144.94,601.58,0.24,0.06,27.95,80.65,101.16,6.09,19.4,114.07,283.55,16.7,0.44,2.28,24.33,6.68,19.9,9.67,80.18,0,1,333.11304,99.18,27.1,87.83,99.7,0.009478334,8,302,10,3,1,25.81684201
10/29/2025 9:00,4185.833333,381.3,27.09,224.35,771.28,0.34,0.06,28.22,79.19,101.17,6.11,21.8,191.17,364.05,27.29,0.86,4.43,24.29,6.67,22.4,9.67,80.18,0,1,375.9536,96.72,19.54,59.6,99.14,0.014654435,9,302,10,3,1,39.28812244
10/29/2025 10:00,4374.6,424.2,9.11,309.33,872.88,0.34,0.07,28.41,77.91,101.11,6.13,24.5,214.03,411.63,30.88,1.06,5.22,24.2,6.68,24.9,9.67,80.18,0,1,372.6223,100,7.12,69.42,100,0.07137263,10,302,10,3,1,51.71512451
10/29/2025 11:00,7102.5,520.4,30.08,367.77,902.38,0.41,0.07,28.52,76.72,101,6.23,27.4,257.56,425.81,36.53,1.28,6.38,24.06,6.79,27.7,9.67,80.18,0,1,297.16406,100,44.68,56.93,100,0.07241118,11,302,10,3,1,61.68036302
10/29/2025 12:00,7933.75,511.77,71.5,303.22,856.58,0.42,0.06,28.55,75.86,100.9,6.39,30.1,252.48,404.79,35.53,1.19,5.88,23.91,6.97,30.2,9.67,80.18,0,1,318.98608,99.84,14.84,54.29,99.84,0.08708799,12,302,10,3,1,65.90157613
10/29/2025 13:00,4943.4,319.42,41.96,233.2,738,0.3,0.06,28.51,75.49,100.82,6.55,32.3,163.03,349.6,23.66,0.72,3.83,23.78,7.15,32.3,9.67,80.18,0,1,271.2827,99.54,4.78,58.49,99.73,0.08904034,13,302,10,3,1,61.68036302
10/29/2025 14:00,3139.75,411.3,114.18,255.77,558.33,0.49,0.06,28.38,75.7,100.78,6.6,34.3,199.67,265.08,26.48,0.62,3.17,23.71,7.23,34.2,9.67,80.18,0,1,345.99487,96.94,12.32,69.58,100,0.10541284,14,302,10,3,1,51.71512451
10/29/2025 15:00,2313,222.52,51.25,176.63,337.38,0.39,0.07,28.18,76.5,100.78,6.53,36.3,108.68,159.85,14.3,0.21,1.05,23.68,7.2,36.1,9.67,80.18,0,1,371.8601,97.28,11.84,84.98,99.33,0.11093056,15,302,10,3,1,39.28812244
10/29/2025 16:00,2250.8,69.62,13.04,70.52,113.82,0.28,0.07,27.85,78.36,100.82,6.3,38.6,33.83,52.41,4.46,0.02,0.1,23.76,7.07,38.1,9.67,80.18,0,1,1855.51,97.34,4.48,69.52,99.59,0.09576321,16,302,10,3,1,25.81684201
10/29/2025 17:00,305,0,0,0,0,0,0,27.44,81.21,100.88,5.78,41.3,0,0,0,0,0,23.95,6.88,40.8,9.67,80.18,0,1,1712.7993,96.43,28.44,70.4,98.57,0.049557716,17,302,10,3,1,11.84357359
10/29/2025 18:00,0,0,0,0,0,0,0,27.22,83.03,100.96,5.48,44.6,0,0,0,0,0,24.11,6.68,44.2,9.67,80.18,0,1,414.01855,96.74,36.79,80.65,99.37,0.0340334,18,302,10,3,1,0
10/29/2025 19:00,0,0,0,0,0,0,0,27.08,84.12,101.02,5.19,48.4,0,0,0,0,0,24.19,6.37,48,9.67,80.18,0,1,470.8562,96.62,40.59,70.49,99.14,0.028026897,19,302,10,3,0,0
10/29/2025 20:00,0,0,0,0,0,0,0,26.99,84.65,101.06,4.82,53.3,0,0,0,0,0,24.21,5.95,53,9.67,80.18,0,1,498.34375,98.45,30.68,73.88,99.99,0.0259086,20,302,10,3,0,0
10/29/2025 21:00,0,0,0,0,0,0,0,26.86,85.2,101.06,4.44,58.9,0,0,0,0,0,24.19,5.47,58.7,9.67,80.18,0,1,505.53198,92.39,39.64,54.19,96.3,0.049452636,21,302,10,3,0,0
10/29/2025 22:00,0,0,0,0,0,0,0,26.73,85.69,101.02,4.03,65.5,0,0,0,0,0,24.16,4.95,65.6,9.67,80.18,0,1,416.54004,93.87,32.63,79.33,97.99,0.043692145,22,302,10,3,0,0
10/29/2025 23:00,0,0,0,0,0,0,0,26.58,86.2,100.95,3.65,72.8,0,0,0,0,0,24.11,4.48,73,9.67,80.18,0,1,389.59302,96.42,24.3,56.79,98.44,0.029043537,23,302,10,3,0,0
10/30/2025 0:00,0,0,0,0,0,0,0,26.38,86.86,100.85,3.32,79.1,0,0,0,0,0,24.03,4.03,79.7,9.67,80.18,0,1,249.48131,95.59,21.59,33.95,97.64,0.067234814,0,303,10,4,0,0
10/30/2025 1:00,0,0,0,0,0,0,0,26.24,87.05,100.76,3.09,84.6,0,0,0,0,0,23.95,3.72,85.5,9.67,80.18,0,1,332.2788,98.49,16.16,35.27,98.49,0.09500581,1,303,10,4,0,0
10/30/2025 2:00,0,0,0,0,0,0,0,26.15,87.11,100.73,2.99,91.3,0,0,0,0,0,23.85,3.57,92.4,9.67,80.18,0,1,275.71045,99.53,17.87,45.88,99.69,0.06798649,2,303,10,4,0,0
10/30/2025 3:00,0,0,0,0,0,0,0,26.1,86.73,100.75,2.83,94.3,0,0,0,0,0,23.74,3.31,95.2,9.67,80.18,0,1,377.6194,99.64,26.1,43.58,100,0.051092923,3,303,10,4,0,0
10/30/2025 4:00,0,0,0,0,0,0,0,26.14,85.77,100.79,2.61,88.7,0,0,0,0,0,23.59,3.02,89.2,9.67,80.18,0,1,331.6731,98.41,29.29,63.91,99.5,0.04942264,4,303,10,4,0,0
10/30/2025 5:00,0,7.05,4.51,9.58,11.05,0.17,0.06,26.2,85.11,100.87,2.74,73.9,3.12,4.77,0.44,0,0,23.53,3.21,74.4,9.67,80.18,0,1,330.79053,97.57,25.19,78.73,99.45,0.04391397,5,303,10,4,0,0
10/30/2025 6:00,762,85.82,40.31,60.93,176.05,0.26,0.05,26.8,83.85,100.96,3.37,67.1,42.65,83.13,5.78,0.04,0.2,23.87,3.87,67.5,9.67,80.18,0,1,323.03467,96.74,30.16,76.44,99.45,0.034762498,6,303,10,4,1,0
10/30/2025 7:00,2994.2,231.73,102.92,158.24,412.23,0.36,0.06,27.3,81.76,101.05,4.01,73.8,114.11,197.6,15.73,0.28,1.35,23.94,4.33,74.3,9.67,80.18,0,1,450.83984,91.35,32.83,78.86,97.31,0.032459192,7,303,10,4,1,11.77033631
10/30/2025 8:00,2394.166667,339.52,62.85,214.05,626.33,0.37,0.06,27.62,80.68,101.11,4.35,80.2,168.5,299.73,24.55,0.63,3.28,24.02,4.7,80.9,9.67,80.18,0,1,452.06934,90.56,21.64,86.31,95.99,0.045162518,8,303,10,4,1,25.71622554
10/30/2025 9:00,638.5714286,261.75,7.61,195.84,791,0.24,0.06,27.77,80.47,101.1,4.48,76.7,133.93,377.28,20.21,0.63,3.28,24.13,4.85,77.5,9.67,80.18,0,1,417.76758,91.31,17.52,75.84,94.56,0.0485107,9,303,10,4,1,39.15018661
10/30/2025 10:00,501,260.73,9.05,189.38,890.38,0.21,0.06,27.82,80.59,101,4.42,63.8,136.45,423.75,21,0.72,3.55,24.2,4.8,64.8,9.67,80.18,0,1,466.8684,91.82,20.25,85.51,96.16,0.045565788,10,303,10,4,1,51.52292655
10/30/2025 11:00,4612,473.15,20.38,335.89,908.6,0.37,0.07,27.8,80.95,100.87,4.47,48,237.75,431.22,34.42,1.2,5.95,24.26,4.87,48.9,9.67,80.18,0,1,529.0471,94.54,23.23,86,96.49,0.08739585,11,303,10,4,1,61.41344076
10/30/2025 12:00,5504.4,524.95,47.91,320.02,860.03,0.44,0.07,27.81,81.23,100.74,4.77,35.1,261.25,408.42,36.88,1.23,6.05,24.33,5.21,36.1,9.67,80.18,0,1,2379.944,91.1,3.41,48.73,93.63,0.11442864,12,303,10,4,1,65.585512
10/30/2025 13:00,3083.333333,386.1,39.92,241.7,739.85,0.36,0.06,27.85,81.39,100.65,5.17,29.7,193.29,352.07,27.75,0.83,4.4,24.4,5.67,30.8,9.67,80.18,0,1,563.9099,95.21,12.14,47.89,96.52,0.13781077,13,303,10,4,1,61.41344076
10/30/2025 14:00,1472.5,259.33,23.82,206.52,559.2,0.31,0.06,27.77,82.73,100.59,5.7,31.1,130.67,266.58,18.8,0.45,2.3,24.58,6.3,32.1,9.67,80.18,0,1,1673.3213,96.08,16.96,36.72,97.48,0.18721104,14,303,10,4,1,51.52292655
10/30/2025 15:00,2832.75,147.27,20.74,128.8,336.1,0.26,0.06,27.59,85.13,100.57,6.04,35.1,74.1,159.65,10.55,0.16,0.77,24.89,6.79,36.5,9.67,80.18,0,1,1719.3501,97.83,21.99,24.82,98.59,0.13343817,15,303,10,4,1,39.15018661
10/30/2025 16:00,1334.5,21.67,0,21.36,112.3,0.09,0.05,27.49,87.52,100.56,5.97,41.2,11.38,51.72,1.73,0.01,0.05,25.26,6.82,43.7,9.67,80.18,0,1,771.6355,97.99,14.77,8.67,98.48,0.07665712,16,303,10,4,1,25.71622554
10/30/2025 17:00,424.6,0,0,0,0,0,0,27.45,89.34,100.59,5.16,56.3,0,0,0,0,0,25.56,5.96,60,9.67,80.18,0,1,4166.1562,99.27,11.96,7.54,99.53,0.083064675,17,303,10,4,1,11.77033631
10/30/2025 18:00,0,0,0,0,0,0,0,27.44,90.27,100.65,4.21,90.7,0,0,0,0,0,25.72,4.98,94.4,9.67,80.18,0,1,4892.3906,98.18,4.64,3.2,98.18,0.058333255,18,303,10,4,1,0
10/30/2025 19:00,0,0,0,0,0,0,0,27.32,90.68,100.75,4.92,123.7,0,0,0,0,0,25.68,5.85,126,9.67,80.18,0,1,2728.8838,98.93,5.11,5.63,98.93,0.09499061,19,303,10,4,0,0
10/30/2025 20:00,0,0,0,0,0,0,0,27.11,90.79,100.84,7.01,147.5,0,0,0,0,0,25.48,8.23,149,9.67,80.18,0,1,2525.145,99.6,4.29,5.66,99.73,0.07346499,20,303,10,4,0,0
10/30/2025 21:00,0,0,0,0,0,0,0,26.87,90.98,100.9,8.46,156.2,0,0,0,0,0,25.28,9.93,157.4,9.67,80.18,0,1,545.5288,99.45,9.05,10.15,99.45,0.028271314,21,303,10,4,0,0
10/30/2025 22:00,0,0,0,0,0,0,0,26.78,89.79,100.95,8.59,160.7,0,0,0,0,0,24.98,10.18,161.6,9.67,80.18,0,1,339.71533,96.61,7.91,10.42,96.84,0.040038217,22,303,10,4,0,0
10/30/2025 23:00,0,0,0,0,0,0,0,26.71,88.35,100.95,8.37,161.9,0,0,0,0,0,24.64,10.04,162.3,9.67,80.18,0,1,298.64478,93.06,8.06,17.78,95.01,0.04595636,23,303,10,4,0,0
10/31/2025 0:00,0,0,0,0,0,0,0,26.69,87.39,100.87,7.99,160.9,0,0,0,0,0,24.45,9.63,160.9,9.67,80.18,0,1,382.48535,94.3,6.96,19.55,95.83,0.06043077,0,304,10,5,0,0
10/31/2025 1:00,0,0,0,0,0,0,0,26.67,87.34,100.79,7.28,159,0,0,0,0,0,24.41,8.87,158.7,9.67,80.18,0,1,358.03467,96.77,13.26,35.01,99.13,0.073320866,1,304,10,5,0,0
10/31/2025 2:00,0,0,0,0,0,0,0,26.64,87.65,100.77,6.54,159.1,0,0,0,0,0,24.44,8.04,158.6,9.67,80.18,0,1,356.8379,99.24,9.04,35.53,99.87,0.0905,2,304,10,5,0,0
10/31/2025 3:00,0,0,0,0,0,0,0,26.57,88.16,100.78,6.06,160.1,0,0,0,0,0,24.47,7.49,159.8,9.67,80.18,0,1,364.63892,98.69,22.01,25.33,98.84,0.10152793,3,304,10,5,0,0
10/31/2025 4:00,0,0,0,0,0,0,0,26.48,88.93,100.81,5.77,161,0,0,0,0,0,24.52,7.13,160.9,9.67,80.18,0,1,460.05615,99.87,15.24,25.45,99.87,0.15927118,4,304,10,5,0,0
10/31/2025 5:00,0,7.3,4.58,9.92,10.85,0.18,0.06,26.43,89.44,100.88,5.49,162.2,3.22,4.7,0.45,0,0,24.57,6.8,162.3,9.67,80.18,0,1,518.7029,98.91,13.41,6.59,99.39,0.14807975,5,304,10,5,0,0
10/31/2025 6:00,599,105.5,60.27,66.29,173.32,0.32,0.06,26.64,89.05,100.97,5.46,164.4,51.82,81.73,6.87,0.05,0.25,24.71,6.38,164.5,9.67,80.18,0,1,508.00513,99.99,12.49,17.72,99.99,0.056157555,6,304,10,5,1,0
10/31/2025 7:00,2888.5,279.17,112.74,192.04,408.6,0.43,0.06,27.04,87.53,101.04,5.44,168.1,136.83,195.44,18.08,0.32,1.55,24.81,5.99,168.4,9.67,80.18,0,1,361.28052,98.05,33.11,24.73,98.5,0.013630722,7,304,10,5,1,11.6977748
10/31/2025 8:00,4844.2,473.52,182.69,292.65,622.17,0.52,0.06,27.52,85.23,101.08,5.27,174,230.47,297.16,30.73,0.78,4.07,24.85,5.76,174.4,9.67,80.18,0,1,350.52026,98.26,41.94,44.48,98.75,0.034766156,8,304,10,5,1,25.61626152
10/31/2025 9:00,5423,628.55,229.06,332.26,786.67,0.57,0.06,28,82.45,101.08,5.08,180.7,304.45,374.24,41.31,1.27,6.68,24.75,5.55,180.8,9.67,80.18,0,1,358.51562,99.65,24.89,38.97,99.87,0.06207988,9,304,10,5,1,39.01303431
10/31/2025 10:00,6951.478727,708.67,430.26,311.82,886.15,0.58,0.06,28.38,80.16,101.03,4.93,186.1,340.57,420.42,46.83,1.59,8,24.64,5.41,186,9.67,80.18,0,1,469.45825,99.79,10.93,29.64,99.79,0.044945292,10,304,10,5,1,51.33203708
10/31/2025 11:00,7185.124637,662.12,219.59,312.03,884.05,0.52,0.06,28.68,78.18,100.94,4.96,190,319.28,415.57,43.17,1.5,7.53,24.53,5.47,189.6,9.67,80.18,0,1,453.56177,99.55,15.25,50.54,99.56,0.060810506,11,304,10,5,1,61.14931713
10/31/2025 12:00,5340.651597,498.2,79.19,285.3,831.33,0.41,0.06,28.81,77.05,100.86,5.03,193.8,243.69,390.65,34.06,1.13,5.57,24.41,5.55,193.3,9.67,80.18,0,1,475.64453,99.3,29.07,47.64,99.74,0.111237705,12,304,10,5,1,65.27381697
10/31/2025 13:00,3926.833333,324.8,86.26,177.46,705.97,0.31,0.06,28.87,76.66,100.8,5.02,198.3,160.38,331.48,22.57,0.67,3.58,24.38,5.56,197.7,9.67,80.18,0,1,473.84106,100,60.01,52.13,100,0.208637,13,304,10,5,1,61.14931713
